open,high,low,close,Volume
0.01529,0.01537,0.01516,0.01536,495124.1
0.01538,0.01539,0.01503,0.0152,760611.2
0.01514,0.01519,0.01501,0.01518,1068070.6
0.01512,0.01516,0.015,0.01507,2435471.2
0.01507,0.01524,0.01492,0.0151,1143504.8
0.01506,0.0151,0.01473,0.01487,5888865.3
0.01483,0.01515,0.01483,0.01515,2459650.5
0.01517,0.01517,0.01483,0.01494,241100.5
0.015,0.01533,0.01482,0.01483,2582014.3
0.01489,0.01491,0.01445,0.01454,4549258.0
0.01458,0.01462,0.0145,0.0146,638897.4
0.01455,0.01463,0.01434,0.01438,1102743.4
0.01442,0.01468,0.01436,0.01451,3011968.2
0.01451,0.0155,0.01445,0.01544,10602319.7
0.01544,0.01548,0.01494,0.01509,3198764.1
0.01509,0.01512,0.01462,0.01491,1892315.0
0.01495,0.01503,0.01455,0.01457,2250313.9
0.01459,0.0146,0.01412,0.01415,4329973.1
0.01424,0.0144,0.01415,0.0144,5163622.3
0.0144,0.01445,0.01401,0.0144,4931117.5
0.01437,0.01446,0.01352,0.01371,8243201.7
